{
  "load_time_seconds": 2.4264512062072754,
  "training_time_seconds": 18.757824182510376,
  "auc_roc": 0.9450954586955773,
  "accuracy": 0.9995435553526912,
  "f1_score": 0.8617021276595744,
  "precision": 0.9,
  "recall": 0.826530612244898,
  "inference_latency_1_row_seconds": 0.0019185543060302734,
  "inference_throughput_1000_rows_seconds": 0.0278470516204834
}